{
  "timestamp": "2025-12-05T10:49:50.357599",
  "num_queries": 3,
  "retrieval": {
    "num_queries": 3,
    "k_values": [
      1,
      3,
      5
    ],
    "metrics": {
      "precision@1": [
        0.0,
        0.0,
        0.0
      ],
      "recall@1": [
        0.0,
        0.0,
        0.0
      ],
      "ndcg@1": [
        0.0,
        0.0,
        0.0
      ],
      "hit_rate@1": [
        0.0,
        0.0,
        0.0
      ],
      "precision@3": [
        0.0,
        0.0,
        0.0
      ],
      "recall@3": [
        0.0,
        0.0,
        0.0
      ],
      "ndcg@3": [
        0.0,
        0.0,
        0.0
      ],
      "hit_rate@3": [
        0.0,
        0.0,
        0.0
      ],
      "precision@5": [
        0.0,
        0.0,
        0.0
      ],
      "recall@5": [
        0.0,
        0.0,
        0.0
      ],
      "ndcg@5": [
        0.0,
        0.0,
        0.0
      ],
      "hit_rate@5": [
        0.0,
        0.0,
        0.0
      ],
      "mrr": [
        0.0,
        0.0,
        0.0
      ],
      "latency_ms": [
        279.38199043273926,
        371.6416358947754,
        271.00181579589844
      ]
    },
    "average": {
      "precision@1": 0.0,
      "recall@1": 0.0,
      "ndcg@1": 0.0,
      "hit_rate@1": 0.0,
      "precision@3": 0.0,
      "recall@3": 0.0,
      "ndcg@3": 0.0,
      "hit_rate@3": 0.0,
      "precision@5": 0.0,
      "recall@5": 0.0,
      "ndcg@5": 0.0,
      "hit_rate@5": 0.0,
      "mrr": 0.0,
      "latency_ms": 307.3418140411377
    }
  },
  "generation": {
    "num_queries": 3,
    "metrics": {
      "exact_match": [
        0.0,
        0.0,
        0.0
      ],
      "f1_score": [
        0.1702127659574468,
        0.12244897959183672,
        0.0851063829787234
      ],
      "bleu_score": [
        0.0,
        0.0,
        0.0
      ],
      "latency_ms": [
        1523.4613418579102,
        1198.8093852996826,
        1288.9888286590576
      ],
      "semantic_similarity": [
        0.8012156693403668,
        0.7986570275815429,
        0.8765692735511488
      ]
    },
    "average": {
      "exact_match": 0.0,
      "f1_score": 0.12592270950933565,
      "bleu_score": 0.0,
      "latency_ms": 1337.08651860555,
      "semantic_similarity": 0.8254806568243529
    }
  },
  "overall": {
    "retrieval_mrr": 0.0,
    "retrieval_ndcg@5": 0.0,
    "generation_f1": 0.12592270950933565,
    "generation_semantic": 0.8254806568243529,
    "avg_latency_ms": 1337.08651860555
  }
}