{
  "timestamp": "2025-12-15T19:30:03.076085",
  "num_queries": 3,
  "retrieval": {
    "num_queries": 3,
    "k_values": [
      1,
      3,
      5
    ],
    "metrics": {
      "precision@1": [
        0.0,
        0.0,
        0.0
      ],
      "recall@1": [
        0.0,
        0.0,
        0.0
      ],
      "ndcg@1": [
        0.0,
        0.0,
        0.0
      ],
      "hit_rate@1": [
        0.0,
        0.0,
        0.0
      ],
      "precision@3": [
        0.0,
        0.0,
        0.0
      ],
      "recall@3": [
        0.0,
        0.0,
        0.0
      ],
      "ndcg@3": [
        0.0,
        0.0,
        0.0
      ],
      "hit_rate@3": [
        0.0,
        0.0,
        0.0
      ],
      "precision@5": [
        0.0,
        0.0,
        0.0
      ],
      "recall@5": [
        0.0,
        0.0,
        0.0
      ],
      "ndcg@5": [
        0.0,
        0.0,
        0.0
      ],
      "hit_rate@5": [
        0.0,
        0.0,
        0.0
      ],
      "mrr": [
        0.0,
        0.0,
        0.0
      ],
      "latency_ms": [
        289.94274139404297,
        300.92906951904297,
        272.8452682495117
      ]
    },
    "average": {
      "precision@1": 0.0,
      "recall@1": 0.0,
      "ndcg@1": 0.0,
      "hit_rate@1": 0.0,
      "precision@3": 0.0,
      "recall@3": 0.0,
      "ndcg@3": 0.0,
      "hit_rate@3": 0.0,
      "precision@5": 0.0,
      "recall@5": 0.0,
      "ndcg@5": 0.0,
      "hit_rate@5": 0.0,
      "mrr": 0.0,
      "latency_ms": 287.9056930541992
    }
  },
  "generation": {
    "num_queries": 3,
    "metrics": {
      "exact_match": [
        0.0,
        0.0,
        0.0
      ],
      "f1_score": [
        0.04838709677419354,
        0.06299212598425197,
        0.032
      ],
      "bleu_score": [
        0.0,
        0.0,
        0.0
      ],
      "latency_ms": [
        2769.463539123535,
        2547.2514629364014,
        2551.710367202759
      ],
      "semantic_similarity": [
        0.6273621468993039,
        0.5725065615635248,
        0.5797571611729168
      ]
    },
    "average": {
      "exact_match": 0.0,
      "f1_score": 0.04779307425281517,
      "bleu_score": 0.0,
      "latency_ms": 2622.8084564208984,
      "semantic_similarity": 0.5932086232119151
    }
  },
  "overall": {
    "retrieval_mrr": 0.0,
    "retrieval_ndcg@5": 0.0,
    "generation_f1": 0.04779307425281517,
    "generation_semantic": 0.5932086232119151,
    "avg_latency_ms": 2622.8084564208984
  }
}